State,State abbreviation,FIPS State code,State nameplate capacity (MW),State annual heat input from combustion (MMBtu),State ozone season heat input from combustion (MMBtu),State total annual heat input (MMBtu),State total ozone season heat input (MMBtu),State annual net generation (MWh),State ozone season net generation (MWh),State annual NOx emissions (tons),State ozone season NOx emissions (tons),State annual SO2 emissions (tons),State annual CO2 emissions (tons),State annual CH4 emissions (lbs),State annual N2O emissions (lbs),State annual CO2 equivalent emissions (tons),State annual Hg emissions (lbs),State annual NOx total output emission rate (lb/MWh),State ozone season NOx total output emission rate (lb/MWh),State annual SO2 total output emission rate (lb/MWh),State annual CO2 total output emission rate (lb/MWh),State annual CH4 total output emission rate (lb/MWh),State annual N2O total output emission rate (lb/MWh),State annual CO2 equivalent total output emission rate (lb/MWh),State annual Hg total output emission rate (lb/MWh),State annual NOx input emission rate (lb/MMBtu),State ozone season NOx input emission rate (lb/MMBtu),State annual SO2 input emission rate (lb/MMBtu),State annual CO2 input emission rate (lb/MMBtu),State annual Hg input emission rate (lb/MMBtu),State annual NOx combustion output emission rate (lb/MWh),State ozone season NOx combustion output emission rate (lb/MWh),State annual SO2 combustion output emission rate (lb/MWh),State annual CO2 combustion output emission rate (lb/MWh),State annual CH4 combustion output emission rate (lb/MWh),State annual N2O combustion output emission rate (lb/MWh),State annual Hg combustion output emission rate (lb/MWh),State annual NOx coal output emission rate (lb/MWh),State annual NOx oil output emission rate (lb/MWh),State annual NOx gas output emission rate (lb/MWh),State annual NOx fossil fuel output emission rate (lb/MWh),State ozone season NOx coal output emission rate (lb/MWh),State ozone season NOx oil output emission rate (lb/MWh),State ozone season NOx gas output emission rate (lb/MWh),State ozone season Nox fossil fuel output emission rate (lb/MWh),State annual SO2 coal output emission rate (lb/MWh),State annual SO2 oil output emission rate (lb/MWh),State annual SO2 gas output emission rate (lb/MWh),State annual SO2 fossil fuel output emission rate (lb/MWh),State annual CO2 coal output emission rate (lb/MWh),State annual CO2 oil output emission rate (lb/MWh),State annual CO2 gas output emission rate (lb/MWh),State annual CO2 fossil fuel output emission rate (lb/MWh),State annual Hg coal output emission rate (lb/MWh),State annual Hg fossil fuel output emission rate (lb/MWh),State annual NOx coal input emission rate (lb/MMBtu),State annual NOx oil input emission rate (lb/MMBtu),State annual NOx gas input emission rate (lb/MMBtu),State annual NOx fossil fuel input emission rate (lb/MMBtu),State ozone season NOx coal input emission rate (lb/MMBtu),State ozone season NOx oil input emission rate (lb/MMBtu),State ozone season NOx gas input emission rate (lb/MMBtu),State ozone season NOx fossil fuel input emission rate (lb/MMBtu),State annual SO2 coal input emission rate (lb/MMBtu),State annual SO2 oil input emission rate (lb/MMBtu),State annual SO2 gas input emission rate (lb/MMBtu),State annual SO2 fossil fuel input emission rate (lb/MMBtu),State annual CO2 coal input emission rate (lb/MMBtu),State annual CO2 oil input emission rate (lb/MMBtu),State annual CO2 gas input emission rate (lb/MMBtu),State annual CO2 fossil fuel input emission rate (lb/MMBtu),State annual Hg coal input emission rate (lb/MMBtu),State annual Hg fossil fuel input emission rate (lb/MMBtu),State annual NOx non-baseload output emission rate (lb/MWh),State ozone season NOx non-baseload output emission rate (lb/MWh),State annual SO2 non-baseload output emission rate (lb/MWh) ,State annual CO2 non-baseload  output emission rate (lb/MWh) ,State annual CH4 non-baseload output emission rate (lb/MWh),State annual N2O non-baseload output emission rate (lb/MWh),State annual Hg non-baseload  output emission rate (lb/MWh) ,State annual coal net generation (MWh),State annual oil net generation (MWh),State annual gas net generation (MWh),State annual nuclear net generation (MWh),State annual hydro net generation (MWh),State annual biomass net generation (MWh),State annual wind net generation (MWh),State annual solar net generation (MWh),State annual geothermal net generation (MWh),State annual other fossil net generation (MWh),State annual other unknown/ purchased fuel net generation (MWh),State annual total nonrenewables net generation (MWh),State annual total renewables net generation (MWh),State annual total nonhydro renewables net generation (MWh),State annual total combustion net generation (MWh),State annual total noncombustion net generation (MWh),State coal generation percent (resource mix),State oil generation percent (resource mix),State gas generation percent (resource mix),State nuclear generation percent (resource mix),State hydro generation percent (resource mix),State biomass generation percent (resource mix),State wind generation percent (resource mix),State solar generation percent (resource mix),State geothermal generation percent (resource mix),State other fossil  generation percent (resource mix),State other unknown/ purchased fuel generation percent (resource mix),State total nonrenewables generation percent (resource mix),State total renewables generation percent (resource mix),State total nonhydro renewables generation percent (resource mix),State total combustion generation percent (resource mix),State total noncombustion generation percent (resource mix)
x,PSTATABB,FIPSST,NAMEPCAP,STHTIAN,STHTIOZ,STHTIANT,STHTIOZT,STNGENAN,STNGENOZ,STNOXAN,STNOXOZ,STSO2AN,STCO2AN,STCH4AN,STN2OAN,STCO2EQA,STHGAN,STNOXRTA,STNOXRTO,STSO2RTA,STCO2RTA,STCH4RTA,STN2ORTA,STC2ERTA,STHGRTA,STNOXRA,STNOXRO,STSO2RA,STCO2RA,STHGRA,STNOXCRT,STNOXCRO,STSO2CRT,STCO2CRT,STCH4CRT,STN2OCRT,STHGCRT,STCNOXRT,STONOXRT,STGNOXRT,STFSNXRT,STCNXORT,STONXORT,STGNXORT,STFSNORT,STCSO2RT,STOSO2RT,STGSO2RT,STFSS2RT,STCCO2RT,STOCO2RT,STGCO2RT,STFSC2RT,STCHGRT,STFSHGRT,STCNOXR,STONOXR,STGNOXR,STFSNXR,STCNXOR,STONXOR,STGNXOR,STFSNOR,STCSO2R,STOSO2R,STGSO2R,STFSS2R,STCCO2R,STOCO2R,STGCO2R,STFSC2R,STCHGR,STFSHGR,STNBNOX,STNBNXO,STNBSO2,STNBCO2,STNBCH4,STNBN2O,STNBHG,STGENACL,STGENAOL,STGENAGS,STGENANC,STGENAHY,STGENABM,STGENAWI,STGENASO,STGENAGT,STGENAOF,STGENAOP,STGENATN,STGENATR,STGENATH,STGENACY,STGENACN,STCLPR,STOLPR,STGSPR,STNCPR,STHYPR,STBMPR,STWIPR,STSOPR,STGTPR,STOFPR,STOPPR,STTNPR,STTRPR,STTHPR,STCYPR,STCNPR
Alaska,AK,02,"3,439","42,553,081","16,236,971","59,433,354","22,529,498","6,335,034","2,406,057","21,008","7,817","1,748","2,932,683","398,059","57,866","2,945,831",--,6.632,6.498,0.552,925.862,0.063,0.009,930.013,--,0.987,0.963,0.082,137.836,--,9.323,9.135,0.776,"1,301.511",0.088,0.013,--,1.353,16.693,8.786,9.265,1.070,16.339,8.792,8.997,1.655,2.862,0.030,0.778,"2,074.237","1,541.578","1,096.763","1,311.311",--,--,0.138,1.791,0.936,0.983,0.113,1.753,0.936,0.958,0.169,0.307,0.003,0.083,212.251,165.353,116.891,139.146,--,--,9.240,8.826,0.948,"1,395.147",0.103,0.015,--,"594,139","831,330","3,040,487",0,"1,659,152","43,017","169,301",0,0,0,"-2,392","4,463,564","1,871,470","212,318","4,506,581","1,828,453",9.4,13.1,48.0,0.0,26.2,0.7,2.7,0.0,0.0,0.0,0.0,70.4,29.5,3.4,71.1,28.9
Alabama,AL,01,"38,354","824,393,497","395,164,798","1,310,962,923","593,145,427","142,863,240","64,618,103","29,881","12,554","28,836","65,211,148","9,884,812","1,442,043","65,536,194",--,0.418,0.389,0.404,912.917,0.069,0.010,917.468,--,0.072,0.064,0.070,158.204,--,0.626,0.581,0.604,"1,366.148",0.104,0.015,--,1.122,32.322,0.152,0.604,1.005,32.298,0.120,0.529,0.891,3.068,0.266,0.557,"2,040.940","1,727.499",850.397,"1,404.737",--,--,0.107,3.056,0.021,0.069,0.095,3.054,0.017,0.060,0.085,0.290,0.037,0.064,194.863,163.326,118.814,161.441,--,--,0.755,0.597,1.007,"1,314.008",0.092,0.013,--,"34,258,405","45,832","57,803,618","39,901,879","7,462,945","3,335,246",0,"31,261",0,"24,053",0,"132,033,788","10,829,452","3,366,507","95,467,155","47,396,085",24.0,0.0,40.5,27.9,5.2,2.3,0.0,0.0,0.0,0.0,0.0,92.4,7.6,2.4,66.8,33.2
Arkansas,AR,05,"19,536","387,648,456","187,652,732","561,261,411","267,815,481","60,445,059","28,838,751","27,940","13,666","48,694","33,717,770","6,322,493","925,414","33,927,596",--,0.924,0.948,1.611,"1,115.650",0.105,0.015,"1,122.593",--,0.144,0.146,0.251,173.961,--,1.288,1.320,2.245,"1,554.205",0.146,0.021,--,2.101,,0.210,1.290,2.183,,0.250,1.301,3.911,,0.005,2.235,"2,174.785",,862.987,"1,611.949",--,--,0.202,,0.029,0.142,0.210,,0.034,0.144,0.376,,0.001,0.247,208.866,,118.843,177.910,--,--,1.358,1.355,2.311,"1,455.784",0.124,0.018,--,"23,800,070","42,363","18,171,187","13,421,022","3,608,810","1,369,828",0,"26,142",0,"5,637",0,"55,440,280","5,004,780","1,395,970","43,389,085","17,055,974",39.4,0.1,30.1,22.2,6.0,2.3,0.0,0.0,0.0,0.0,0.0,91.7,8.3,2.3,71.8,28.2
Arizona,AZ,04,"40,135","602,858,094","315,929,076","1,047,151,854","506,075,202","108,734,631","53,847,909","33,982","16,241","12,955","50,682,560","7,318,405","1,204,365","50,946,080",--,0.625,0.603,0.238,932.225,0.067,0.011,937.072,--,0.113,0.103,0.043,168.141,--,1.048,1.011,0.400,"1,563.018",0.113,0.019,--,2.003,47.524,0.162,1.034,1.995,45.481,0.151,0.917,0.836,12.698,0.006,0.399,"2,315.441","7,564.857",894.627,"1,567.773",--,--,0.179,1.026,0.021,0.112,0.179,1.011,0.020,0.102,0.075,0.274,0.001,0.043,206.739,163.326,118.941,169.228,--,--,0.871,0.758,0.347,"1,400.953",0.095,0.014,--,"30,403,392","51,595","34,182,808","32,377,477","7,226,393","214,378","541,582","3,737,659",0,0,0,"97,015,272","11,720,012","4,493,619","64,852,172","43,883,111",28.0,0.0,31.4,29.8,6.6,0.2,0.5,3.4,0.0,0.0,0.0,89.2,10.8,4.1,59.6,40.4
California,CA,06,"106,793","807,555,205","372,488,964","1,681,193,081","796,911,571","197,323,837","94,547,677","46,857","21,065","3,611","44,648,567","5,081,974","622,374","44,798,293",--,0.475,0.446,0.037,452.541,0.026,0.003,454.059,--,0.116,0.113,0.009,110.577,--,0.888,0.833,0.068,846.160,0.048,0.006,--,1.236,30.239,0.625,0.648,1.255,37.985,0.602,0.634,0.001,1.587,0.008,0.010,"1,157.816","1,326.333",867.885,867.421,--,--,0.223,3.869,0.085,0.088,0.222,4.810,0.082,0.087,0.000,0.203,0.001,0.001,208.527,169.714,117.685,117.897,--,--,0.743,0.710,0.023,884.751,0.036,0.004,--,"318,876","174,814","97,006,836","18,907,578","28,682,772","6,122,047","13,442,864","19,301,101","11,457,299","1,426,816","482,833","118,317,753","79,006,083","50,323,311","105,532,221","91,791,615",0.2,0.1,49.2,9.6,14.5,3.1,6.8,9.8,5.8,0.7,0.2,60.0,40.0,25.5,53.5,46.5
Colorado,CO,08,"19,873","428,759,601","193,123,998","538,764,471","233,434,681","54,418,480","23,575,729","30,471","13,287","19,170","39,953,306","7,935,324","1,142,854","40,213,769",--,1.120,1.127,0.705,"1,468.373",0.146,0.021,"1,477.945",--,0.142,0.138,0.089,186.367,--,1.422,1.431,0.895,"1,864.764",0.185,0.027,--,1.726,581.829,0.316,1.404,1.693,593.153,0.311,1.356,1.160,118.511,0.014,0.898,"2,137.239","70,133.421",986.923,"1,874.198",--,--,0.164,1.355,0.038,0.140,0.161,1.355,0.037,0.136,0.110,0.276,0.002,0.090,203.214,163.326,118.952,187.236,--,--,1.213,1.160,0.805,"1,681.478",0.146,0.021,--,"29,948,675","6,975","12,679,439",0,"1,608,385","162,305","9,421,204","538,109",0,0,"53,388","42,688,477","11,730,003","10,121,618","42,850,782","11,567,698",55.0,0.0,23.3,0.0,3.0,0.3,17.3,1.0,0.0,0.0,0.1,78.4,21.6,18.6,78.7,21.3
Connecticut,CT,09,"11,789","161,091,277","69,309,766","336,859,456","140,221,698","36,496,560","15,147,600","5,854","2,621",635,"9,096,160","2,210,701","282,659","9,163,103",--,0.321,0.346,0.035,498.467,0.061,0.008,502.135,--,0.073,0.076,0.008,112.932,--,0.596,0.643,0.065,925.626,0.112,0.014,--,1.698,7.351,0.226,0.266,2.092,5.091,0.248,0.298,2.635,3.157,0.009,0.046,"2,668.720","2,962.809",854.455,880.139,--,--,0.133,0.371,0.031,0.036,0.137,0.312,0.034,0.040,0.207,0.159,0.001,0.006,209.741,149.666,117.435,119.335,--,--,0.942,0.992,0.199,"1,039.569",0.130,0.017,--,"177,370","91,735","17,951,503","16,575,492","229,732","1,433,468","12,742","24,518",0,0,0,"34,796,100","1,700,459","1,470,728","19,654,076","16,842,484",0.5,0.3,49.2,45.4,0.6,3.9,0.0,0.1,0.0,0.0,0.0,95.3,4.7,4.0,53.9,46.1
District of Columbia,DC,11,25,"763,191","338,294","763,191","338,294","76,474","33,336",175,76,4,"18,422","1,796",188,"18,470",--,4.578,4.551,0.098,481.786,0.023,0.002,483.042,--,0.459,0.448,0.010,48.276,--,4.578,4.551,0.098,481.786,0.023,0.002,--,0.000,0.000,3.997,3.997,0.000,0.000,4.005,4.005,0.000,0.000,0.194,0.194,0.000,0.000,"1,555.026","1,555.026",--,--,0.000,0.000,0.300,0.300,0.000,0.000,0.301,0.301,0.000,0.000,0.015,0.015,0.000,0.000,116.889,116.889,--,--,4.503,4.474,0.110,619.578,0.025,0.003,--,0,"1,001","22,702",0,0,"52,771",0,0,0,0,0,"23,703","52,771","52,771","76,474",0,0.0,1.3,29.7,0.0,0.0,69.0,0.0,0.0,0.0,0.0,0.0,31.0,69.0,69.0,100.0,0.0
Delaware,DE,10,"4,011","63,609,070","35,135,093","64,129,816","35,358,858","8,731,261","4,614,139","1,732",907,526,"3,874,126","285,365","35,433","3,882,516",--,0.397,0.393,0.121,887.415,0.033,0.004,889.337,--,0.054,0.052,0.017,121.810,--,0.399,0.396,0.121,893.185,0.033,0.004,--,0.861,0.737,0.233,0.333,0.824,0.717,0.239,0.353,1.940,0.076,0.005,0.140,"2,210.994","1,334.940",903.985,"1,039.965",--,--,0.080,0.066,0.030,0.039,0.078,0.065,0.030,0.041,0.180,0.007,0.001,0.017,205.183,119.119,114.980,123.116,--,--,0.406,0.416,0.171,995.168,0.040,0.005,--,"479,350","62,571","7,787,469",0,0,"67,987","5,321","51,086",0,"277,477",0,"8,606,867","124,394","124,394","8,674,854","56,407",5.5,0.7,89.2,0.0,0.0,0.8,0.1,0.6,0.0,3.2,0.0,98.6,1.4,1.4,99.4,0.6
Florida,FL,12,"100,751","1,743,606,598","856,885,591","2,068,238,494","994,497,754","238,226,428","113,886,541","65,083","31,909","44,555","121,996,344","18,267,029","2,493,685","122,563,560",--,0.546,0.560,0.374,"1,024.205",0.077,0.010,"1,028.967",--,0.075,0.074,0.051,139.936,--,0.624,0.640,0.427,"1,170.185",0.088,0.012,--,1.415,1.923,0.249,0.537,1.451,2.068,0.267,0.573,1.593,0.249,0.031,0.421,"2,088.543","1,812.025",893.703,"1,193.349",--,--,0.133,0.135,0.033,0.065,0.135,0.142,0.035,0.068,0.149,0.017,0.004,0.051,195.924,127.053,119.493,144.396,--,--,0.609,0.628,0.434,"1,205.661",0.080,0.011,--,"39,429,468","2,820,303","158,459,723","29,320,022","174,551","6,098,942",0,"223,983",0,"23,790","1,675,646","231,728,952","6,497,476","6,322,925","208,507,872","29,718,556",16.6,1.2,66.5,12.3,0.1,2.6,0.0,0.1,0.0,0.0,0.7,97.3,2.7,2.7,87.5,12.5
Georgia,GA,13,"51,336","843,098,444","436,433,403","1,238,569,690","602,121,669","132,902,274","63,614,414","29,621","10,627","23,887","66,567,671","11,421,385","1,667,514","66,946,060",--,0.446,0.334,0.359,"1,001.754",0.086,0.013,"1,007.448",--,0.070,0.049,0.057,157.912,--,0.619,0.464,0.500,"1,392.059",0.119,0.017,--,1.204,2.133,0.113,0.575,0.715,1.793,0.132,0.396,0.970,1.367,0.006,0.411,"2,268.129","1,301.146",888.222,"1,464.213",--,--,0.110,0.315,0.015,0.064,0.065,0.273,0.017,0.043,0.089,0.202,0.001,0.046,207.020,192.306,118.925,164.165,--,--,0.781,0.559,0.656,"1,585.204",0.140,0.021,--,"37,890,475","211,845","52,862,465","34,480,662","1,901,511","4,573,416",0,"880,923",0,"97,549","3,429","125,546,425","7,355,850","5,454,339","95,639,179","37,263,096",28.5,0.2,39.8,25.9,1.4,3.4,0.0,0.7,0.0,0.1,0.0,94.5,5.5,4.1,72.0,28.0
Hawaii,HI,15,"3,502","92,598,221","39,645,315","102,555,757","44,198,317","9,948,845","4,316,642","22,345","9,128","37,332","7,571,577","1,562,895","240,099","7,625,203",--,4.492,4.229,7.505,"1,522.102",0.157,0.024,"1,532.882",--,0.483,0.461,0.806,163.536,--,5.038,4.744,8.417,"1,707.184",0.176,0.027,--,1.083,5.967,0.000,5.084,,5.830,0.000,4.806,14.236,7.729,0.000,8.905,"2,257.710","1,603.690",0.000,"1,721.957",--,--,0.100,0.608,0.000,0.509,,0.596,0.000,0.483,1.314,0.788,0.000,0.891,208.432,163.448,0.000,172.262,--,--,6.402,6.247,7.075,"1,605.470",0.151,0.024,--,"1,497,380","6,640,316",0,0,"90,849","556,329","639,127","88,511","260,102","63,380","112,852","8,313,927","1,634,918","1,544,069","8,870,256","1,078,589",15.1,66.7,0.0,0.0,0.9,5.6,6.4,0.9,2.6,0.6,1.1,83.6,16.4,15.5,89.2,10.8
Iowa,IA,19,"22,304","271,381,540","135,300,604","514,371,421","215,490,889","54,396,531","22,894,511","21,001","10,333","28,502","27,140,015","2,777,849","866,758","27,303,530",--,0.772,0.903,1.048,997.858,0.051,0.016,"1,003.870",--,0.155,0.153,0.210,200.014,--,1.463,1.711,1.986,"1,891.231",0.097,0.030,--,1.485,1.176,0.555,1.392,1.486,1.094,0.455,1.365,2.221,0.147,0.145,1.998,"2,015.283",574.702,"1,024.120","1,904.190",--,--,0.154,0.353,0.065,0.147,0.156,0.320,0.053,0.146,0.231,0.044,0.017,0.211,209.327,172.469,119.332,201.273,--,--,1.427,1.380,2.049,"1,845.556",0.091,0.029,--,"25,198,347","277,773","2,960,947","4,702,665","916,789","251,715","20,076,023",151,0,"12,121",0,"33,151,853","21,244,678","20,327,889","28,700,903","25,695,628",46.3,0.5,5.4,8.6,1.7,0.5,36.9,0.0,0.0,0.0,0.0,60.9,39.1,37.4,52.8,47.2
Idaho,ID,16,"6,212","28,060,258","13,908,852","136,799,676","63,133,182","15,660,938","7,196,515","2,090",912,521,"1,477,572","127,719","20,549","1,482,098",--,0.267,0.254,0.067,188.695,0.008,0.001,189.273,--,0.149,0.131,0.037,105.314,--,1.059,1.006,0.264,748.620,0.032,0.005,--,0.141,40.000,0.226,0.224,0.148,39.556,0.236,0.235,2.398,3.800,0.006,0.043,928.726,"2,090.600",885.369,886.061,--,--,0.025,3.125,0.030,0.030,0.026,3.150,0.031,0.031,0.427,0.297,0.001,0.006,165.438,163.328,118.759,119.317,--,--,0.770,0.715,0.295,776.542,0.033,0.006,--,"29,188",183,"3,321,462",0,"9,033,272","531,573","2,578,415","29,801","71,995",0,"65,048","3,415,882","12,245,056","3,211,784","3,947,455","11,713,483",0.2,0.0,21.2,0.0,57.7,3.4,16.5,0.2,0.5,0.0,0.4,21.8,78.2,20.5,25.2,74.8
Illinois,IL,17,"62,748","797,823,139","390,451,281","1,929,227,229","849,444,839","187,437,381","81,687,724","33,486","16,146","89,396","76,035,677","9,067,526","2,241,444","76,478,310",--,0.357,0.395,0.954,811.318,0.048,0.012,816.041,--,0.084,0.083,0.224,190.608,--,0.859,0.950,2.293,"1,950.001",0.116,0.029,--,0.928,24.886,0.415,0.808,0.937,25.317,0.428,0.819,2.915,5.367,0.389,2.313,"2,246.691","2,129.561","1,086.736","1,970.076",--,--,0.086,1.900,0.048,0.079,0.086,1.638,0.048,0.078,0.271,0.410,0.045,0.226,208.537,162.570,126.623,192.197,--,--,0.898,0.889,2.678,"1,973.172",0.122,0.029,--,"59,337,802","69,503","17,480,439","98,607,038","132,834","467,012","10,663,434","48,810",0,"207,080","423,431","176,125,292","11,312,090","11,179,256","77,985,266","109,452,116",31.7,0.0,9.3,52.6,0.1,0.2,5.7,0.0,0.0,0.1,0.2,94.0,6.0,6.0,41.6,58.4
Indiana,IN,18,"40,933","955,299,879","430,901,101","1,009,724,428","446,733,087","101,397,209","43,878,171","86,576","36,680","87,847","91,901,515","18,786,051","2,718,379","92,520,117",--,1.708,1.672,1.733,"1,812.703",0.185,0.027,"1,824.905",--,0.181,0.170,0.184,192.403,--,1.800,1.762,1.826,"1,910.486",0.195,0.028,--,2.144,-112.827,0.320,1.762,2.052,168.234,0.289,1.691,2.362,-39.030,0.092,1.887,"2,212.350","-14,656.498",975.166,"1,965.829",--,--,0.201,1.257,0.040,0.174,0.189,1.239,0.036,0.165,0.221,0.435,0.011,0.186,207.084,163.326,121.382,194.020,--,--,1.821,1.748,2.041,"1,985.715",0.198,0.029,--,"72,533,080","610,407","19,995,659",0,"426,265","452,212","4,899,474","225,841",0,"2,272,492","343,628","95,755,267","6,003,792","5,577,527","96,207,479","5,551,580",71.3,0.6,19.7,0.0,0.4,0.4,4.8,0.2,0.0,2.2,0.3,94.1,5.9,5.5,94.5,5.5
Kansas,KS,20,"19,888","281,254,621","141,071,396","498,126,040","226,211,703","47,599,990","21,467,039","18,062","9,556","7,160","28,454,163","6,132,900","890,047","28,656,516",--,0.759,0.890,0.301,"1,195.553",0.129,0.019,"1,204.056",--,0.128,0.135,0.051,202.337,--,1.433,1.681,0.568,"2,257.333",0.243,0.035,--,1.168,55.277,4.028,1.401,1.183,53.192,3.879,1.477,0.613,2.176,0.043,0.568,"2,348.710","3,396.417","1,259.513","2,262.592",--,--,0.104,2.516,0.380,0.126,0.105,2.376,0.389,0.133,0.055,0.099,0.004,0.051,209.703,154.592,118.712,202.835,--,--,1.737,1.857,0.835,"2,196.054",0.226,0.033,--,"23,096,064","28,324","2,027,207","8,246,042","30,538","58,832","14,110,881","2,102",0,0,1,"33,397,638","14,202,353","14,171,815","25,210,428","22,389,563",48.5,0.1,4.3,17.3,0.1,0.1,29.6,0.0,0.0,0.0,0.0,70.2,29.8,29.8,53.0,47.0
Kentucky,KY,21,"31,179","794,709,067","358,461,719","826,925,632","371,886,789","80,273,501","35,720,919","58,526","25,750","76,475","78,439,290","15,168,864","2,541,423","78,992,484",--,1.458,1.442,1.905,"1,954.301",0.189,0.032,"1,968.084",--,0.147,0.144,0.192,197.404,--,1.524,1.507,1.992,"2,043.120",0.198,0.033,--,1.613,,0.402,1.507,1.596,,0.444,1.484,2.180,,0.045,1.992,"2,166.985",,903.929,"2,055.810",--,--,0.152,,0.053,0.145,0.149,,0.056,0.142,0.205,,0.006,0.192,203.748,,118.801,198.228,--,--,1.534,1.547,1.945,"2,026.474",0.174,0.032,--,"66,822,058","1,218,414","8,228,521",0,"3,477,930","464,895",0,"11,732",0,"49,951",0,"76,318,944","3,954,557","476,627","76,783,839","3,489,662",83.2,1.5,10.3,0.0,4.3,0.6,0.0,0.0,0.0,0.1,0.0,95.1,4.9,0.6,95.7,4.3
Louisiana,LA,22,"36,572","682,130,858","321,897,074","875,338,035","405,683,819","106,842,115","48,629,430","43,820","21,788","38,597","46,949,097","5,280,308","774,004","47,124,511",--,0.820,0.896,0.723,878.850,0.049,0.007,882.134,--,0.128,0.135,0.113,137.654,--,0.989,1.081,0.871,"1,059.951",0.060,0.009,--,1.365,0.651,0.973,1.029,1.367,0.477,1.100,1.114,4.374,0.237,0.020,0.871,"2,222.219",981.895,839.229,"1,113.707",--,--,0.118,0.135,0.136,0.131,0.117,0.122,0.148,0.138,0.379,0.049,0.003,0.111,192.596,202.969,117.364,141.707,--,--,1.194,1.281,1.005,"1,210.697",0.071,0.010,--,"12,013,649","4,819,225","66,052,455","17,151,826","1,103,023","2,876,273",0,0,0,"2,131,813","693,853","102,862,821","3,979,296","2,876,273","88,587,267","18,254,849",11.2,4.5,61.8,16.1,1.0,2.7,0.0,0.0,0.0,2.0,0.6,96.3,3.7,2.7,82.9,17.1
Massachusetts,MA,25,"19,517","214,741,474","110,541,023","285,486,654","137,978,503","31,951,671","15,969,948","8,348","3,597","3,625","13,121,389","3,216,975","419,756","13,220,229",--,0.523,0.450,0.227,821.327,0.101,0.013,827.514,--,0.078,0.065,0.034,122.206,--,0.655,0.564,0.284,"1,028.998",0.126,0.016,--,0.992,2.786,0.183,0.283,0.828,2.460,0.170,0.237,0.906,0.732,0.077,0.154,"2,187.494","1,275.986",875.785,989.178,--,--,0.092,0.282,0.025,0.037,0.072,0.251,0.023,0.031,0.084,0.074,0.010,0.020,202.801,129.241,119.643,129.495,--,--,0.444,0.367,0.222,"1,044.504",0.066,0.009,--,"1,874,932","422,281","21,143,936","5,414,318","212,066","2,061,560","216,123","605,928",0,528,-3,"28,855,992","3,095,677","2,883,611","25,503,234","6,448,435",5.9,1.3,66.2,16.9,0.7,6.5,0.7,1.9,0.0,0.0,0.0,90.3,9.7,9.0,79.8,20.2
Maryland,MD,24,"18,265","213,465,642","116,094,737","387,480,354","187,663,607","37,166,747","17,960,669","11,548","6,051","17,541","18,819,051","2,912,422","614,641","18,944,898",--,0.621,0.674,0.944,"1,012.682",0.078,0.017,"1,019.454",--,0.108,0.104,0.164,176.319,--,1.139,1.235,1.730,"1,856.049",0.144,0.030,--,0.827,36.055,1.268,0.982,0.761,32.096,1.277,0.969,2.382,25.986,0.302,1.707,"2,124.875","6,454.871","1,441.410","1,901.952",--,--,0.079,0.910,0.122,0.094,0.072,1.007,0.122,0.092,0.226,0.656,0.029,0.163,202.020,162.860,138.698,181.384,--,--,1.207,1.158,1.970,"1,895.823",0.135,0.029,--,"13,826,213","160,609","5,423,046","14,760,177","1,392,187","870,075","527,114","208,657",0,0,"-1,332","34,168,713","2,998,033","1,605,846","20,278,611","16,888,135",37.2,0.4,14.6,39.7,3.7,2.3,1.4,0.6,0.0,0.0,0.0,91.9,8.1,4.3,54.6,45.4
Maine,ME,23,"5,718","58,575,397","26,558,868","100,532,885","41,350,488","11,514,427","4,892,132","3,326","1,383","1,666","1,939,972","1,885,988","268,057","2,001,324",--,0.578,0.566,0.289,336.964,0.164,0.023,347.620,--,0.114,0.104,0.057,66.238,--,0.972,0.951,0.487,566.611,0.275,0.039,--,0.000,1.944,0.133,0.181,0.000,2.431,0.123,0.144,0.000,7.788,0.004,0.208,0.000,"2,030.186",818.286,850.006,--,--,0.000,0.164,0.019,0.026,0.000,0.174,0.018,0.021,0.000,0.658,0.001,0.030,0.000,171.594,118.826,121.155,--,--,0.589,0.445,0.515,694.601,0.117,0.017,--,"69,823","109,781","3,498,482",0,"2,999,688","2,918,417","1,667,103",0,0,"148,580","102,553","3,929,219","7,585,208","4,585,520","6,847,636","4,666,791",0.6,1.0,30.4,0.0,26.1,25.3,14.5,0.0,0.0,1.3,0.9,34.1,65.9,39.8,59.5,40.5
Michigan,MI,26,"36,977","716,544,289","333,490,415","1,104,407,307","496,762,597","112,121,790","49,826,037","46,618","20,540","86,271","61,658,803","7,008,285","1,753,601","62,004,198",--,0.832,0.824,1.539,"1,099.854",0.063,0.016,"1,106.015",--,0.130,0.123,0.241,172.100,--,1.242,1.232,2.299,"1,643.088",0.093,0.023,--,1.562,6.020,0.419,1.104,1.497,7.121,0.441,1.067,3.925,4.378,0.037,2.329,"2,262.303","1,487.853",895.730,"1,699.032",--,--,0.144,0.865,0.055,0.116,0.137,1.057,0.056,0.111,0.362,0.629,0.005,0.245,208.567,213.765,117.973,178.840,--,--,1.401,1.319,2.918,"1,824.820",0.109,0.026,--,"40,526,873","818,979","29,295,154","31,551,710","812,705","2,634,948","4,695,783","9,235",0,"1,774,317","2,087","103,969,120","8,152,671","7,339,966","75,052,357","37,069,433",36.1,0.7,26.1,28.1,0.7,2.4,4.2,0.0,0.0,1.6,0.0,92.7,7.3,6.5,66.9,33.1
Minnesota,MN,27,"21,832","341,048,056","150,706,188","594,345,617","249,745,745","60,036,476","25,151,583","20,098","8,309","17,474","30,398,579","7,362,181","1,052,128","30,627,099",--,0.670,0.661,0.582,"1,012.670",0.123,0.018,"1,020.283",--,0.118,0.110,0.102,178.266,--,1.166,1.151,1.014,"1,763.983",0.214,0.031,--,1.295,15.967,0.262,1.033,1.307,13.974,0.279,1.005,1.352,0.713,0.006,0.987,"2,203.479",567.193,916.722,"1,853.687",--,--,0.123,1.535,0.034,0.106,0.124,1.549,0.035,0.103,0.129,0.069,0.001,0.101,209.805,54.524,118.674,190.095,--,--,1.048,0.946,0.910,"1,469.732",0.161,0.023,--,"23,206,289","30,705","8,929,398","13,860,816","1,208,502","2,182,426","10,491,209","10,107",0,0,"117,023","46,144,231","13,892,243","12,683,742","34,465,841","25,570,634",38.7,0.1,14.9,23.1,2.0,3.6,17.5,0.0,0.0,0.0,0.2,76.9,23.1,21.1,57.4,42.6
Missouri,MO,29,"24,748","654,674,531","308,492,695","775,670,749","358,572,331","78,611,513","36,028,940","57,269","25,650","100,047","66,337,989","9,577,432","2,194,475","66,778,696",--,1.457,1.424,2.545,"1,687.742",0.122,0.028,"1,698.955",--,0.175,0.166,0.306,202.659,--,1.720,1.681,3.005,"1,992.757",0.144,0.033,--,1.833,86.942,0.359,1.707,1.778,46.646,0.388,1.639,3.275,11.682,0.018,2.992,"2,101.349","11,613.462",918.839,"1,998.954",--,--,0.183,1.223,0.046,0.173,0.175,1.211,0.048,0.165,0.326,0.164,0.002,0.304,209.290,163.326,118.501,203.070,--,--,1.666,1.597,2.727,"1,899.289",0.133,0.030,--,"60,321,890","73,790","6,035,794","9,430,179","1,447,674","138,639","1,121,883","32,684",0,"8,979",0,"75,870,632","2,740,880","1,293,206","66,579,092","12,032,420",76.7,0.1,7.7,12.0,1.8,0.2,1.4,0.0,0.0,0.0,0.0,96.5,3.5,1.6,84.7,15.3
Mississippi,MS,28,"19,600","456,428,858","225,321,179","518,524,261","260,302,424","62,881,295","31,063,105","13,465","7,668","5,082","29,576,726","1,805,331","346,816","29,649,439",--,0.428,0.494,0.162,940.716,0.029,0.006,943.029,--,0.059,0.068,0.022,129.601,--,0.473,0.545,0.178,"1,038.071",0.032,0.006,--,1.777,0.378,0.414,0.474,1.824,0.343,0.506,0.555,1.770,0.009,0.028,0.129,"2,469.250","1,425.034",954.423,"1,060.249",--,--,0.155,0.032,0.054,0.059,0.150,0.029,0.064,0.068,0.155,0.001,0.004,0.016,215.496,118.899,124.371,131.479,--,--,0.682,0.825,0.113,"1,091.622",0.035,0.006,--,"5,342,026","17,785","50,094,739","5,897,272",0,"1,524,201",0,0,0,"5,272",0,"61,357,094","1,524,201","1,524,201","56,984,023","5,897,272",8.5,0.0,79.7,9.4,0.0,2.4,0.0,0.0,0.0,0.0,0.0,97.6,2.4,2.4,90.6,9.4
Montana,MT,30,"7,259","168,001,377","67,615,225","283,859,169","115,384,403","27,783,530","11,374,306","15,603","6,526","14,193","17,378,904","3,744,737","557,974","17,504,710",--,1.123,1.147,1.022,"1,251.022",0.135,0.020,"1,260.078",--,0.186,0.193,0.169,206.890,--,2.005,2.049,1.824,"2,233.676",0.241,0.036,--,2.006,,5.424,2.049,2.036,,5.365,2.106,1.984,,0.012,1.866,"2,387.073",,"1,340.166","2,284.625",--,--,0.176,,0.480,0.186,0.180,,0.583,0.193,0.174,,0.001,0.169,209.890,,118.569,207.072,--,--,2.386,2.468,1.171,"2,203.058",0.230,0.033,--,"14,269,222","459,923","476,061",0,"10,082,529","20,150","2,140,191",0,0,"8,586","326,868","15,540,659","12,242,870","2,160,341","15,560,809","12,222,720",51.4,1.7,1.7,0.0,36.3,0.1,7.7,0.0,0.0,0.0,1.2,55.9,44.1,7.8,56.0,44.0
North Carolina,NC,37,"48,224","704,332,577","349,596,755","1,226,822,459","576,006,631","130,768,153","61,252,130","36,492","17,463","29,106","56,716,823","10,435,264","1,493,874","57,057,944",--,0.558,0.570,0.445,867.441,0.080,0.011,872.658,--,0.104,0.100,0.083,161.051,--,0.911,0.930,0.726,"1,415.293",0.130,0.019,--,1.448,5.746,0.234,0.836,1.336,6.070,0.205,0.831,1.231,0.930,0.006,0.610,"2,005.638","2,192.083",933.912,"1,462.692",--,--,0.148,0.353,0.030,0.095,0.135,0.355,0.027,0.093,0.126,0.057,0.001,0.069,204.614,134.569,118.874,165.833,--,--,0.907,0.892,0.762,"1,484.176",0.137,0.020,--,"37,435,780","251,193","39,251,102","42,786,087","4,417,186","2,555,910","6,233","3,410,123",0,"362,939","291,599","120,378,701","10,389,452","5,972,266","80,148,524","50,619,629",28.6,0.2,30.0,32.7,3.4,2.0,0.0,2.6,0.0,0.3,0.2,92.1,7.9,4.6,61.3,38.7
North Dakota,ND,38,"9,442","294,840,841","128,444,294","388,299,253","164,461,867","37,856,452","15,959,109","37,479","15,154","45,313","31,491,915","4,903,027","1,019,518","31,701,422",--,1.980,1.899,2.394,"1,663.754",0.130,0.027,"1,674.823",--,0.254,0.236,0.307,213.620,--,2.699,2.589,3.263,"2,267.847",0.177,0.037,--,2.799,26.883,0.153,2.703,2.619,26.986,0.136,2.514,3.393,7.287,0.006,3.268,"2,311.052","4,345.931","1,268.788","2,271.526",--,--,0.263,1.010,0.014,0.254,0.245,1.000,0.014,0.236,0.319,0.274,0.001,0.307,217.207,163.325,118.857,213.643,--,--,3.009,2.739,3.284,"2,128.189",0.140,0.032,--,"26,580,350","30,102","1,071,114",0,"1,912,005","5,606","8,171,922",0,0,"45,969","39,384","27,766,919","10,089,533","8,177,528","27,772,525","10,083,927",70.2,0.1,2.8,0.0,5.1,0.0,21.6,0.0,0.0,0.1,0.1,73.3,26.7,21.6,73.4,26.6
Nebraska,NE,31,"10,004","230,758,728","102,116,066","377,775,098","165,523,367","37,197,843","16,359,934","20,990","9,191","51,539","23,828,060","5,179,356","795,766","24,005,787",--,1.129,1.124,2.771,"1,281.153",0.139,0.021,"1,290.709",--,0.182,0.180,0.447,206.519,--,1.865,1.856,4.578,"2,116.596",0.230,0.035,--,1.801,35.157,1.632,1.800,1.748,31.885,1.981,1.760,4.686,5.690,0.012,4.591,"2,137.849","3,956.536","1,397.292","2,122.981",--,--,0.177,1.451,0.131,0.176,0.174,1.413,0.156,0.174,0.459,0.235,0.001,0.448,209.602,163.326,112.490,207.203,--,--,2.407,2.358,5.054,"2,164.975",0.215,0.035,--,"21,897,715","-17,940","537,862","9,350,591","1,529,430","97,817","3,798,387","3,981",0,0,0,"31,768,228","5,429,615","3,900,185","22,515,454","14,682,389",58.8,0.0,1.4,25.1,4.1,0.3,10.2,0.0,0.0,0.0,0.0,85.4,14.6,10.5,60.5,39.5
New Hampshire,NH,33,"4,650","68,143,617","33,623,640","195,254,724","85,579,970","19,282,493","8,491,199","2,271",966,759,"2,994,227","1,948,868","255,376","3,054,273",--,0.236,0.227,0.079,310.564,0.101,0.013,316.792,--,0.067,0.057,0.022,87.880,--,0.654,0.632,0.219,862.440,0.281,0.037,--,3.052,2.053,0.081,0.315,3.411,2.382,0.078,0.245,1.266,2.273,0.004,0.121,"2,204.169","1,680.582",860.115,965.006,--,--,0.284,0.163,0.011,0.042,0.313,0.159,0.011,0.033,0.118,0.181,0.001,0.016,205.105,133.665,118.862,127.824,--,--,0.617,0.483,0.301,941.424,0.156,0.021,--,"422,017","38,798","4,744,436","10,761,163","1,145,386","1,738,369","432,324",0,0,0,0,"15,966,414","3,316,079","2,170,693","6,943,620","12,338,873",2.2,0.2,24.6,55.8,5.9,9.0,2.2,0.0,0.0,0.0,0.0,82.8,17.2,11.3,36.0,64.0
New Jersey,NJ,34,"28,577","361,250,228","182,327,030","682,329,031","295,929,911","77,598,197","34,138,935","9,131","4,568","2,081","21,643,003","2,605,938","324,485","21,720,661",--,0.235,0.268,0.054,557.822,0.034,0.004,559.824,--,0.051,0.050,0.012,119.823,--,0.388,0.441,0.088,919.706,0.055,0.007,--,1.501,3.314,0.175,0.227,1.413,3.239,0.205,0.257,1.520,0.044,0.005,0.059,"2,298.851","1,470.757",861.794,914.086,--,--,0.120,0.265,0.024,0.031,0.115,0.192,0.028,0.034,0.121,0.003,0.001,0.008,183.151,117.507,118.890,122.759,--,--,0.450,0.460,0.125,"1,020.814",0.041,0.005,--,"1,314,541","146,126","43,807,453","29,885,187","-194,535","1,522,061","20,841","821,673",0,"207,168","67,682","75,428,157","2,170,040","2,364,575","47,065,032","30,533,166",1.7,0.2,56.3,38.4,0.0,2.0,0.0,1.1,0.0,0.3,0.1,97.0,2.8,3.0,60.5,39.2
New Mexico,NM,35,"13,286","286,209,486","126,753,954","328,030,013","142,153,646","32,922,552","14,084,805","38,734","16,643","8,265","25,890,070","4,929,232","708,553","26,051,653",--,2.353,2.363,0.502,"1,572.786",0.150,0.022,"1,582.602",--,0.271,0.263,0.058,180.917,--,2.728,2.740,0.582,"1,823.720",0.174,0.025,--,3.760,18.201,0.811,2.728,3.784,18.113,0.776,2.680,0.891,5.310,0.008,0.582,"2,246.798","3,182.962","1,038.380","1,823.793",--,--,0.348,0.934,0.093,0.271,0.347,0.930,0.086,0.263,0.083,0.272,0.001,0.058,208.200,163.326,118.540,180.924,--,--,2.938,2.851,0.617,"1,714.740",0.155,0.022,--,"18,365,270","51,683","9,957,553",0,"147,972","17,813","3,605,421","762,343","14,218",0,279,"28,374,784","4,547,767","4,399,795","28,392,597","4,529,954",55.8,0.2,30.2,0.0,0.4,0.1,11.0,2.3,0.0,0.0,0.0,86.2,13.8,13.4,86.2,13.8
Nevada,NV,32,"19,954","235,577,759","114,006,600","308,836,855","145,670,915","39,228,694","18,535,113","9,362","4,865","3,118","15,101,321","1,067,135","133,605","15,133,234",--,0.477,0.525,0.159,769.912,0.027,0.003,771.539,--,0.079,0.085,0.026,128.207,--,0.601,0.661,0.200,968.764,0.034,0.004,--,2.103,,0.472,0.586,2.228,,0.466,0.633,2.410,,0.006,0.174,"2,326.064",,860.210,962.473,--,--,0.189,,0.065,0.078,0.201,,0.065,0.084,0.217,,0.001,0.023,209.578,,118.692,128.054,--,--,0.758,0.820,0.323,"1,048.135",0.049,0.007,--,"2,166,831","10,985","28,921,612",0,"1,789,219","55,264","343,865","2,565,749","3,353,399",742,"21,028","31,121,198","8,107,496","6,318,277","31,176,462","8,052,232",5.5,0.0,73.7,0.0,4.6,0.1,0.9,6.5,8.5,0.0,0.1,79.3,20.7,16.1,79.5,20.5
New York,NY,36,"51,336","528,372,701","279,825,440","1,249,039,942","574,291,987","134,090,833","61,510,015","22,847","11,786","9,164","31,110,393","4,127,019","523,264","31,234,833",--,0.341,0.383,0.137,464.020,0.031,0.004,465.876,--,0.086,0.084,0.035,117.759,--,0.737,0.829,0.296,"1,003.193",0.067,0.008,--,1.803,0.880,0.347,0.446,1.638,0.896,0.378,0.490,7.768,0.227,0.037,0.295,"2,018.873","1,215.110",939.015,"1,000.197",--,--,0.184,0.087,0.044,0.055,0.167,0.087,0.047,0.058,0.793,0.022,0.005,0.036,205.996,119.999,119.191,122.520,--,--,0.728,0.744,0.484,"1,104.250",0.043,0.005,--,"1,770,238","639,490","56,470,524","41,570,990","26,417,302","3,114,692","3,940,180","139,611",0,0,"27,806","100,479,048","33,611,785","7,194,483","62,022,750","72,068,083",1.3,0.5,42.1,31.0,19.7,2.3,2.9,0.1,0.0,0.0,0.0,74.9,25.1,5.4,46.3,53.7
Ohio,OH,39,"46,931","950,424,128","437,085,413","1,143,037,873","517,853,859","118,922,078","52,902,885","59,880","26,634","106,170","87,167,528","14,892,742","2,587,190","87,724,916",--,1.007,1.007,1.786,"1,465.960",0.125,0.022,"1,475.334",--,0.126,0.122,0.223,183.429,--,1.194,1.194,2.117,"1,738.249",0.148,0.026,--,1.511,1.086,0.151,1.116,1.451,0.985,0.174,1.109,3.003,4.450,0.011,2.131,"2,097.756","2,831.567",919.539,"1,753.902",--,--,0.148,0.080,0.020,0.118,0.141,0.075,0.022,0.114,0.294,0.330,0.001,0.225,205.679,209.771,118.841,184.873,--,--,1.525,1.463,2.933,"1,978.920",0.193,0.031,--,"68,775,164","1,181,963","28,941,687","16,817,386","500,320","722,100","1,245,337","65,558",0,"732,620","-60,057","116,388,763","2,533,315","2,032,995","100,293,477","18,628,601",57.8,1.0,24.3,14.1,0.4,0.6,1.0,0.1,0.0,0.6,0.0,97.8,2.1,1.7,84.3,15.7
Oklahoma,OK,40,"33,525","523,660,528","256,529,210","732,746,391","337,939,972","78,655,008","36,258,709","27,175","13,619","50,196","41,046,732","4,958,960","829,944","41,227,443",--,0.691,0.751,1.276,"1,043.716",0.063,0.011,"1,048.311",--,0.104,0.106,0.192,156.768,--,0.969,1.053,1.790,"1,463.485",0.088,0.015,--,1.600,28.769,0.561,0.969,1.600,29.038,0.638,0.991,4.555,2.592,0.005,1.789,"2,255.522","1,578.289",970.601,"1,474.508",--,--,0.143,2.977,0.069,0.103,0.144,2.991,0.077,0.106,0.406,0.268,0.001,0.191,201.262,163.326,118.755,157.484,--,--,1.266,1.285,2.437,"1,637.873",0.111,0.018,--,"19,158,044","17,261","36,529,086",0,"2,485,995","367,821","20,069,089","5,436",0,"22,275",0,"55,726,666","22,928,341","20,442,346","56,094,487","22,560,520",24.4,0.0,46.4,0.0,3.2,0.5,25.5,0.0,0.0,0.0,0.0,70.8,29.2,26.0,71.3,28.7
Oregon,OR,41,"19,278","153,178,915","70,396,315","540,287,112","208,850,229","60,181,812","23,453,240","10,599","5,248","4,192","9,204,524","1,225,029","163,928","9,242,796",--,0.352,0.448,0.139,305.891,0.020,0.003,307.162,--,0.138,0.149,0.055,120.180,--,1.161,1.476,0.459,"1,008.677",0.067,0.009,--,1.974,0.000,0.709,0.850,1.902,0.000,0.843,0.985,3.855,0.000,0.010,0.437,"2,118.956",0.000,929.998,"1,062.003",--,--,0.195,0.000,0.089,0.103,0.190,0.000,0.106,0.119,0.382,0.000,0.001,0.053,209.760,0.000,116.074,128.819,--,--,1.197,1.425,0.679,"1,051.649",0.077,0.011,--,"1,898,202","4,850","15,306,661",0,"34,549,366","1,041,440","7,157,128","40,936","183,700",0,-472,"17,209,241","42,972,570","8,423,204","18,250,681","41,931,130",3.2,0.0,25.4,0.0,57.4,1.7,11.9,0.1,0.3,0.0,0.0,28.6,71.4,14.0,30.3,69.7
Pennsylvania,PA,42,"68,559","1,135,537,271","537,283,988","2,057,503,422","918,194,168","215,066,508","96,266,102","88,301","36,696","103,118","91,988,694","11,149,191","2,443,317","92,483,567",--,0.821,0.762,0.959,855.444,0.052,0.011,860.046,--,0.156,0.137,0.182,162.018,--,1.393,1.293,1.627,"1,451.169",0.088,0.019,--,2.509,1.909,0.187,1.291,2.197,1.761,0.195,1.142,3.534,0.075,0.057,1.613,"2,180.140","1,324.457",859.758,"1,467.227",--,--,0.240,0.173,0.026,0.147,0.209,0.159,0.027,0.129,0.338,0.007,0.008,0.183,208.215,120.208,119.157,166.568,--,--,1.888,1.684,2.187,"1,623.651",0.090,0.023,--,"54,672,030","362,715","68,049,155","82,924,011","1,812,683","3,151,159","3,476,246","74,805",0,"537,394","6,311","206,551,616","8,514,893","6,702,210","126,778,763","88,287,745",25.4,0.2,31.6,38.6,0.8,1.5,1.6,0.0,0.0,0.2,0.0,96.0,4.0,3.1,58.9,41.1
Rhode Island,RI,44,"2,398","50,014,933","27,143,027","50,414,889","27,274,721","6,564,885","3,537,335",801,345,75,"2,858,424","108,586","11,033","2,861,274",--,0.244,0.195,0.023,870.822,0.017,0.002,871.690,--,0.032,0.025,0.003,114.303,--,0.246,0.196,0.023,876.607,0.017,0.002,--,0.000,10.807,0.145,0.214,0.000,6.975,0.130,0.169,0.000,0.973,0.007,0.013,0.000,"1,011.173",904.329,905.025,--,--,0.000,1.737,0.019,0.028,0.000,1.276,0.017,0.022,0.000,0.156,0.001,0.002,0.000,162.550,118.883,119.116,--,--,0.251,0.194,0.019,905.181,0.017,0.002,--,0,"26,283","6,290,503",0,"2,128","204,776","26,532","14,663",0,0,0,"6,316,786","248,099","245,971","6,521,562","43,323",0.0,0.4,95.8,0.0,0.0,3.1,0.4,0.2,0.0,0.0,0.0,96.2,3.8,3.7,99.3,0.7
South Carolina,SC,45,"31,485","372,278,469","182,232,473","976,734,317","428,853,023","96,985,764","42,557,221","13,683","6,623","11,636","30,522,786","2,392,333","893,423","30,686,386",--,0.282,0.311,0.240,629.428,0.025,0.009,632.802,--,0.074,0.073,0.063,163.978,--,0.686,0.756,0.583,"1,529.757",0.060,0.022,--,0.894,191.323,0.246,0.618,0.933,191.683,0.210,0.619,0.873,21.854,0.051,0.520,"2,054.030","10,934.154",974.842,"1,589.850",--,--,0.088,2.858,0.030,0.066,0.090,2.849,0.026,0.066,0.086,0.326,0.006,0.056,201.482,163.326,119.394,170.546,--,--,0.652,0.648,0.487,"1,541.402",0.045,0.020,--,"21,002,913","113,862","16,366,854","55,825,916","1,249,474","2,376,353",0,"4,971",0,"45,420",0,"93,354,965","3,630,798","2,381,324","39,905,402","57,080,361",21.7,0.1,16.9,57.6,1.3,2.5,0.0,0.0,0.0,0.0,0.0,96.3,3.7,2.5,41.1,58.9
South Dakota,SD,46,"5,438","28,709,961","13,524,226","95,968,597","41,125,959","10,289,416","4,375,162","1,063",511,729,"2,640,861","508,920","73,261","2,657,561",--,0.207,0.234,0.142,513.316,0.049,0.007,516.562,--,0.074,0.076,0.051,183.968,--,0.707,0.800,0.486,"1,758.210",0.169,0.024,--,0.806,25.718,0.451,0.707,0.812,20.293,0.548,0.738,0.693,6.653,0.007,0.486,"2,067.814","3,966.232","1,052.789","1,758.210",--,--,0.082,1.059,0.051,0.074,0.081,1.005,0.059,0.076,0.070,0.274,0.001,0.051,209.760,163.326,118.890,183.968,--,--,0.667,0.715,0.372,"1,591.818",0.133,0.019,--,"2,082,681","2,793","918,561",0,"4,132,504",0,"3,152,513",364,0,0,0,"3,004,035","7,285,381","3,152,877","3,004,035","7,285,381",20.2,0.0,8.9,0.0,40.2,0.0,30.6,0.0,0.0,0.0,0.0,29.2,70.8,30.6,29.2,70.8
Tennessee,TN,47,"27,973","421,392,634","219,641,025","794,625,948","368,972,841","79,340,633","36,598,203","20,342","10,280","31,861","39,363,688","5,839,158","1,186,808","39,607,119",--,0.513,0.562,0.803,992.271,0.074,0.015,998.407,--,0.097,0.094,0.151,186.827,--,0.934,1.023,1.462,"1,806.665",0.134,0.027,--,1.143,30.615,0.201,0.913,1.106,31.043,0.228,0.898,1.924,2.769,0.005,1.454,"2,130.480","1,574.096",911.098,"1,831.783",--,--,0.110,3.212,0.026,0.094,0.106,3.233,0.029,0.091,0.186,0.291,0.001,0.150,205.414,165.152,118.849,188.671,--,--,0.924,0.909,1.403,"1,794.952",0.142,0.026,--,"31,167,634","121,581","11,318,515","29,578,086","6,070,115","933,367","37,747","78,617",0,"34,302",669,"72,220,787","7,119,846","1,049,731","43,576,068","35,764,565",39.3,0.2,14.3,37.3,7.7,1.2,0.0,0.1,0.0,0.0,0.0,91.0,9.0,1.3,54.9,45.1
Texas,TX,48,"182,434","2,985,184,262","1,504,099,539","3,978,078,953","1,901,679,448","453,941,342","215,684,288","137,387","68,234","247,401","238,211,887","35,686,431","5,036,520","239,363,719",--,0.605,0.633,1.090,"1,049.527",0.079,0.011,"1,054.602",--,0.092,0.091,0.166,159.596,--,0.780,0.815,1.405,"1,352.484",0.101,0.014,--,1.306,3.981,0.447,0.757,1.296,4.651,0.450,0.763,4.001,1.690,0.007,1.406,"2,291.359","2,297.627",864.337,"1,360.568",--,--,0.121,0.296,0.061,0.089,0.120,0.288,0.061,0.089,0.371,0.126,0.001,0.166,212.365,171.052,118.724,160.448,--,--,0.807,0.808,1.567,"1,401.807",0.104,0.015,--,"121,230,933","196,422","225,976,260","42,079,445","1,342,005","1,682,695","57,530,784","730,810",0,"2,516,118","655,870","392,655,048","61,286,294","59,944,289","352,258,298","101,683,044",26.7,0.0,49.8,9.3,0.3,0.4,12.7,0.2,0.0,0.6,0.1,86.5,13.5,13.2,77.6,22.4
Utah,UT,49,"11,044","331,253,926","144,762,442","360,920,829","159,404,306","38,133,928","17,025,840","33,874","14,266","16,750","31,029,039","6,314,639","927,132","31,239,016",--,1.777,1.676,0.878,"1,627.372",0.166,0.024,"1,638.384",--,0.205,0.197,0.101,187.343,--,1.935,1.825,0.957,"1,772.412",0.180,0.026,--,2.418,25.965,0.330,1.897,2.348,24.739,0.341,1.806,1.267,2.237,0.006,0.952,"2,073.095","1,265.110",888.010,"1,777.411",--,--,0.239,3.352,0.044,0.200,0.236,3.357,0.044,0.193,0.125,0.289,0.001,0.101,205.174,163.335,117.681,187.772,--,--,1.700,1.617,0.643,"1,610.566",0.154,0.022,--,"25,939,443","31,552","8,691,320",0,"759,542","88,855","822,282","1,053,661","485,094","54,099","208,080","34,924,494","3,209,434","2,449,892","35,013,349","3,120,579",68.0,0.1,22.8,0.0,2.0,0.2,2.2,2.8,1.3,0.1,0.5,91.6,8.4,6.4,91.8,8.2
Virginia,VA,51,"34,581","546,834,778","271,995,345","871,562,516","409,912,838","92,554,816","43,736,507","25,777","12,029","11,805","37,660,633","7,661,656","1,070,008","37,900,269",--,0.557,0.550,0.255,813.802,0.083,0.012,818.980,--,0.094,0.088,0.043,137.740,--,0.825,0.815,0.378,"1,205.272",0.123,0.017,--,1.467,4.644,0.208,0.634,1.446,4.610,0.213,0.605,0.881,0.575,0.088,0.353,"1,925.176","1,769.892",901.075,"1,243.007",--,--,0.147,0.426,0.027,0.075,0.143,0.419,0.028,0.071,0.088,0.053,0.011,0.042,192.405,162.386,117.210,146.858,--,--,0.723,0.657,0.497,"1,168.474",0.113,0.016,--,"16,499,412","535,361","40,904,843","29,731,895","308,826","4,553,572",0,"20,908",0,0,0,"87,671,511","4,883,306","4,574,480","62,493,188","30,061,629",17.8,0.6,44.2,32.1,0.3,4.9,0.0,0.0,0.0,0.0,0.0,94.7,5.3,4.9,67.5,32.5
Vermont,VT,50,796,"5,018,363","2,128,269","18,199,167","5,906,626","1,911,207","600,372",340,142,12,"54,364","307,674","40,412","63,858",--,0.356,0.473,0.013,56.890,0.161,0.021,66.825,--,0.136,0.134,0.005,21.666,--,1.407,1.872,0.051,224.887,0.636,0.084,--,0.000,8.495,0.000,8.495,0.000,8.476,0.000,8.476,0.000,4.122,0.000,4.122,0.000,"3,251.200",0.000,"3,251.200",--,--,0.000,0.425,0.000,0.425,0.000,0.254,0.000,0.254,0.000,0.206,0.000,0.206,0.000,162.655,0.000,162.655,--,--,2.220,2.257,0.147,377.700,0.907,0.119,--,0,"4,017","1,965",0,"1,077,517","477,495","291,182","59,031",0,0,0,"5,982","1,905,225","827,708","483,477","1,427,730",0.0,0.2,0.1,0.0,56.4,25.0,15.2,3.1,0.0,0.0,0.0,0.3,99.7,43.3,25.3,74.7
Washington,WA,53,"34,016","154,592,822","77,762,979","1,052,800,553","437,156,736","114,086,583","47,528,498","8,507","4,111","2,841","10,658,190","1,138,469","322,734","10,720,168",--,0.149,0.173,0.050,186.844,0.010,0.003,187.930,--,0.110,0.106,0.037,137.887,--,0.941,1.092,0.314,"1,179.336",0.063,0.018,--,2.189,33.374,0.257,0.815,2.192,33.290,0.231,0.802,0.629,1.900,0.008,0.187,"2,434.367","1,636.917",867.763,"1,319.577",--,--,0.189,2.967,0.035,0.095,0.193,2.958,0.032,0.094,0.054,0.169,0.001,0.022,209.760,145.509,118.683,154.336,--,--,0.984,0.949,0.334,"1,341.294",0.041,0.018,--,"4,601,726","21,965","10,982,248","9,625,622","78,343,491","2,067,580","8,041,847",727,0,"401,642",-267,"25,632,937","88,453,645","10,110,154","18,074,895","96,011,687",4.0,0.0,9.6,8.4,68.7,1.8,7.0,0.0,0.0,0.4,0.0,22.5,77.5,8.9,15.8,84.2
Wisconsin,WI,55,"23,414","494,476,945","237,890,020","639,866,226","298,824,492","64,966,611","29,951,126","21,867","10,334","16,382","45,115,419","4,673,330","1,287,093","45,362,615",--,0.673,0.690,0.504,"1,388.880",0.072,0.020,"1,396.490",--,0.088,0.087,0.066,182.477,--,0.866,0.888,0.649,"1,786.678",0.093,0.025,--,0.873,1.115,0.276,0.688,0.876,0.930,0.316,0.705,0.854,2.923,0.104,0.627,"2,271.653","1,910.576",878.259,"1,838.705",--,--,0.080,0.094,0.037,0.070,0.080,0.083,0.041,0.071,0.079,0.247,0.014,0.064,208.792,161.268,119.176,187.731,--,--,0.826,0.836,0.700,"1,734.863",0.102,0.024,--,"33,362,841","147,111","15,472,759","10,151,394","2,795,258","1,482,525","1,515,261","2,671",0,"7,168","29,624","59,170,897","5,795,714","3,000,457","50,502,027","14,464,584",51.4,0.2,23.8,15.6,4.3,2.3,2.3,0.0,0.0,0.0,0.0,91.1,8.9,4.6,77.7,22.3
West Virginia,WV,54,"20,626","732,365,130","323,179,568","760,711,075","332,490,433","75,942,968","32,915,650","50,513","21,219","44,840","75,022,431","16,049,844","2,538,768","75,584,463",--,1.330,1.289,1.181,"1,975.757",0.211,0.033,"1,990.559",--,0.138,0.131,0.122,204.877,--,1.386,1.344,1.231,"2,059.003",0.220,0.035,--,1.394,0.000,0.556,1.386,1.340,0.000,0.539,1.330,1.242,0.000,0.007,1.230,"2,066.098",0.000,"1,303.364","2,058.656",--,--,0.139,0.000,0.051,0.138,0.132,0.000,0.049,0.131,0.124,0.000,0.001,0.122,205.803,0.000,118.858,204.877,--,--,1.263,1.202,1.211,"2,032.829",0.212,0.034,--,"71,512,961","122,669","1,224,567",0,"1,638,247",0,"1,432,154",0,0,"24,651","-12,281","72,872,567","3,070,401","1,432,154","72,872,567","3,070,401",94.2,0.2,1.6,0.0,2.2,0.0,1.9,0.0,0.0,0.0,0.0,95.9,4.0,1.9,95.9,4.0
Wyoming,WY,56,"13,744","454,360,591","194,989,622","503,881,718","213,032,485","46,656,630","19,788,503","36,848","15,969","32,523","47,269,241","10,384,822","1,509,908","47,612,317",--,1.580,1.614,1.394,"2,026.260",0.223,0.032,"2,040.967",--,0.162,0.164,0.143,208.069,--,1.785,1.824,1.575,"2,289.411",0.251,0.037,--,1.813,33.509,3.521,1.823,1.812,33.854,2.613,1.817,1.618,3.031,0.010,1.609,"2,332.444","1,710.405",955.295,"2,324.747",--,--,0.163,3.200,0.436,0.164,0.164,3.198,0.313,0.165,0.145,0.289,0.001,0.145,209.622,163.325,118.344,209.252,--,--,1.883,1.884,1.676,"2,291.029",0.254,0.037,--,"40,026,874","55,636","788,143",0,"973,488",0,"4,389,338",0,0,"358,138","65,014","41,293,804","5,362,826","4,389,338","41,293,804","5,362,826",85.8,0.1,1.7,0.0,2.1,0.0,9.4,0.0,0.0,0.8,0.1,88.5,11.5,9.4,88.5,11.5